Entity,Year,Annual CO₂ emissions (per capita)
China,1907,0.04840261
China,1908,0.055020537
China,1909,0.058310255
China,1910,0.059680074
China,1911,0.05827084
China,1912,0.039898846
China,1913,0.056213327
China,1914,0.061269186
China,1915,0.057669863
China,1916,0.0676246
China,1917,0.071104296
China,1918,0.07631273
China,1919,0.08266413
China,1920,0.08693245
China,1921,0.083120845
China,1922,0.08528475
China,1923,0.09890104
China,1924,0.103484906
China,1925,0.09701566
China,1926,0.09184579
China,1927,0.09602494
China,1928,0.09940985
China,1929,0.10044768
China,1930,0.102641396
China,1931,0.10696789
China,1932,0.10303524
China,1933,0.110256605
China,1934,0.12636147
China,1935,0.1462837
China,1936,0.15108936
China,1937,0.141227
China,1938,0.12139731
China,1939,0.14638789
China,1940,0.17756674
China,1941,0.22169025
China,1942,0.24687532
China,1943,0.20974888
China,1944,0.19717897
China,1945,0.1064322
China,1946,0.06839545
China,1947,0.078831576
China,1948,0.07197712
China,1949,0.11541034
China,1950,0.14490601
China,1951,0.18440397
China,1952,0.22649482
China,1953,0.23163576
China,1954,0.27262098
China,1955,0.31566966
China,1956,0.35004622
China,1957,0.40577847
China,1958,0.8143453
China,1959,1.1033286
China,1960,1.2199106
China,1961,0.8701637
China,1962,0.6910785
China,1963,0.66726714
China,1964,0.65357304
China,1965,0.6915614
China,1966,0.74011
China,1967,0.604744
China,1968,0.6344425
China,1969,0.75757736
China,1970,0.9813481
China,1971,1.0771736
China,1972,1.1215359
China,1973,1.1424416
China,1974,1.141943
China,1975,1.2915548
China,1976,1.3182049
China,1977,1.4210548
China,1978,1.5612195
China,1979,1.5740019
China,1980,1.5200889
China,1981,1.4798604
China,1982,1.5850471
China,1983,1.6463654
China,1984,1.7673312
China,1985,1.8853258
China,1986,1.9533492
China,1987,2.059572
China,1988,2.175213
China,1989,2.172552
China,1990,2.1540327
China,1991,2.2259326
China,1992,2.3052905
China,1993,2.4401822
China,1994,2.5671887
China,1995,2.755138
China,1996,2.8505082
China,1997,2.8325536
China,1998,2.6898472
China,1999,2.822838
China,2000,2.8743548
China,2001,2.9158025
China,2002,3.1884003
China,2003,3.7397096
China,2004,4.0068736
China,2005,4.4900646
China,2006,4.9272113
China,2007,5.267368
China,2008,5.6240664
China,2009,5.877799
China,2010,6.3782344
China,2011,7.0077763
China,2012,7.140667
China,2013,7.2199216
China,2014,7.1978407
China,2015,7.0648346
China,2016,6.9532394
China,2017,7.084865
China,2018,7.2818375
China,2019,7.5264006
China,2020,7.6471825
China,2021,8.025529
China,2022,7.964287
China,2023,8.366814
India,1858,0.0016306345
India,1859,0.0026225285
India,1860,0.0026413742
India,1861,0.0020357708
India,1862,0.0022457154
India,1863,0.0024812713
India,1864,0.0023389156
India,1865,0.0022912421
India,1866,0.0025777572
India,1878,0.0069541484
India,1879,0.00661162
India,1880,0.007376274
India,1881,0.007152246
India,1882,0.008483122
India,1883,0.00935244
India,1884,0.010376405
India,1885,0.009273
India,1886,0.010368174
India,1887,0.011375812
India,1888,0.012549144
India,1889,0.014703918
India,1890,0.016115645
India,1891,0.017284762
India,1892,0.018952932
India,1893,0.01999356
India,1894,0.020230243
India,1895,0.025301976
India,1896,0.027325615
India,1897,0.029601838
India,1898,0.03268272
India,1899,0.035929587
India,1900,0.042497184
India,1901,0.04676396
India,1902,0.051255062
India,1903,0.051971376
India,1904,0.05781762
India,1905,0.058773577
India,1906,0.067479804
India,1907,0.074727364
India,1908,0.08500604
India,1909,0.08200695
India,1910,0.07948412
India,1911,0.08363586
India,1912,0.09608166
India,1913,0.105915904
India,1914,0.10660639
India,1915,0.1113691
India,1916,0.11253865
India,1917,0.11748533
India,1918,0.13189174
India,1919,0.14359692
India,1920,0.11597921
India,1921,0.12397458
India,1922,0.12101957
India,1923,0.12333363
India,1924,0.13069953
India,1925,0.1277203
India,1926,0.12605053
India,1927,0.13091344
India,1928,0.12405647
India,1929,0.12777013
India,1930,0.1284197
India,1931,0.116239466
India,1932,0.10668871
India,1933,0.10328146
India,1934,0.11374881
India,1935,0.117218636
India,1936,0.1136144
India,1937,0.1241089
India,1938,0.136815
India,1939,0.13263759
India,1940,0.13995251
India,1941,0.14319769
India,1942,0.14351086
India,1943,0.1259883
India,1944,0.12979308
India,1945,0.14496106
India,1946,0.14425357
India,1947,0.1479919
India,1948,0.14916655
India,1949,0.15787825
India,1950,0.17645483
India,1951,0.18091987
India,1952,0.18632448
India,1953,0.18563628
India,1954,0.19122285
India,1955,0.20321788
India,1956,0.20568933
India,1957,0.22556181
India,1958,0.23044972
India,1959,0.23826179
India,1960,0.25533837
India,1961,0.26962337
India,1962,0.2899332
India,1963,0.30427778
India,1964,0.29106775
India,1965,0.31358775
India,1966,0.3182756
India,1967,0.31187224
India,1968,0.33300883
India,1969,0.33230913
India,1970,0.33290812
India,1971,0.34396154
India,1972,0.35590246
India,1973,0.3583674
India,1974,0.36153808
India,1975,0.3831269
India,1976,0.39105976
India,1977,0.40412188
India,1978,0.40130892
India,1979,0.41165522
India,1980,0.4243972
India,1981,0.4475883
India,1982,0.45172003
India,1983,0.47764024
India,1984,0.47896573
India,1985,0.5145839
India,1986,0.53916126
India,1987,0.56289464
India,1988,0.5943027
India,1989,0.6390376
India,1990,0.668225
India,1991,0.6961713
India,1992,0.7258895
India,1993,0.7345036
India,1994,0.758703
India,1995,0.79189926
India,1996,0.84070516
India,1997,0.8587551
India,1998,0.85972553
India,1999,0.92538923
India,2000,0.9324355
India,2001,0.9282198
India,2002,0.9403603
India,2003,0.95606565
India,2004,0.99809515
India,2005,1.0345691
India,2006,1.1019763
India,2007,1.1695088
India,2008,1.2330486
India,2009,1.3155315
India,2010,1.348904
India,2011,1.3992052
India,2012,1.5060126
India,2013,1.5396302
India,2014,1.6371114
India,2015,1.6823633
India,2016,1.7520504
India,2017,1.7847193
India,2018,1.886328
India,2019,1.8810879
India,2020,1.7264521
India,2021,1.8909733
India,2022,1.9861935
India,2023,2.129469
United Kingdom,1750,1.0019121
United Kingdom,1760,1.070363
United Kingdom,1770,1.2627987
United Kingdom,1780,1.4520383
United Kingdom,1790,1.7707893
United Kingdom,1800,2.9153564
United Kingdom,1801,2.8286498
United Kingdom,1802,2.7656965
United Kingdom,1803,2.5437405
United Kingdom,1804,2.4763212
United Kingdom,1805,2.5825114
United Kingdom,1806,2.695625
United Kingdom,1807,2.811327
United Kingdom,1808,2.8766963
United Kingdom,1809,2.915259
United Kingdom,1810,2.8722124
United Kingdom,1811,2.8188872
United Kingdom,1812,2.7279038
United Kingdom,1813,2.6192143
United Kingdom,1814,2.5276635
United Kingdom,1815,2.4391406
United Kingdom,1816,2.3177464
United Kingdom,1817,2.3279696
United Kingdom,1818,2.303634
United Kingdom,1819,2.1739373
United Kingdom,1820,2.0557053
United Kingdom,1821,2.0387487
United Kingdom,1822,2.0682518
United Kingdom,1823,2.1145442
United Kingdom,1824,2.1529691
United Kingdom,1825,2.1886015
United Kingdom,1826,2.1842163
United Kingdom,1827,2.2401965
United Kingdom,1828,2.2364638
United Kingdom,1829,2.234891
United Kingdom,1830,2.8095102
United Kingdom,1831,2.6452432
United Kingdom,1832,2.5387402
United Kingdom,1833,2.4873807
United Kingdom,1834,2.6161683
United Kingdom,1835,2.8411562
United Kingdom,1836,3.0594063
United Kingdom,1837,2.9013233
United Kingdom,1838,2.8080924
United Kingdom,1839,2.8675888
United Kingdom,1840,3.0363529
United Kingdom,1841,3.0412488
United Kingdom,1842,3.1750915
United Kingdom,1843,3.2955952
United Kingdom,1844,3.490339
United Kingdom,1845,3.7006795
United Kingdom,1846,3.5360403
United Kingdom,1847,3.7643142
United Kingdom,1848,4.0223227
United Kingdom,1849,4.3204474
United Kingdom,1850,4.489172
United Kingdom,1851,4.252994
United Kingdom,1852,4.2159934
United Kingdom,1853,4.167399
United Kingdom,1854,4.9915624
United Kingdom,1855,4.6457763
United Kingdom,1856,4.969304
United Kingdom,1857,4.8508296
United Kingdom,1858,4.7254786
United Kingdom,1859,5.21251
United Kingdom,1860,5.8072352
United Kingdom,1861,6.007872
United Kingdom,1862,5.7708826
United Kingdom,1863,6.086277
United Kingdom,1864,6.4942226
United Kingdom,1865,6.8250237
United Kingdom,1866,6.974182
United Kingdom,1867,7.1007743
United Kingdom,1868,6.907395
United Kingdom,1869,7.185026
United Kingdom,1870,7.273863
United Kingdom,1871,7.6345577
United Kingdom,1872,7.967353
United Kingdom,1873,8.189286
United Kingdom,1874,7.8809423
United Kingdom,1875,8.238478
United Kingdom,1876,8.144492
United Kingdom,1877,8.210754
United Kingdom,1878,7.9860015
United Kingdom,1879,7.9602866
United Kingdom,1880,8.59724
United Kingdom,1881,8.958958
United Kingdom,1882,8.960591
United Kingdom,1883,9.250244
United Kingdom,1884,8.935579
United Kingdom,1885,8.759362
United Kingdom,1886,8.611424
United Kingdom,1887,8.762649
United Kingdom,1888,9.038788
United Kingdom,1889,9.284015
United Kingdom,1890,9.419005
United Kingdom,1891,9.533845
United Kingdom,1892,9.25243
United Kingdom,1893,8.21112
United Kingdom,1894,9.315627
United Kingdom,1895,9.317141
United Kingdom,1896,9.494172
United Kingdom,1897,9.656031
United Kingdom,1898,9.589032
United Kingdom,1899,10.180933
United Kingdom,1900,10.215249
United Kingdom,1901,9.90617
United Kingdom,1902,10.200084
United Kingdom,1903,10.190824
United Kingdom,1904,10.149534
United Kingdom,1905,10.193703
United Kingdom,1906,10.467203
United Kingdom,1907,10.839091
United Kingdom,1908,10.481716
United Kingdom,1909,10.493224
United Kingdom,1910,10.50297
United Kingdom,1911,10.698935
United Kingdom,1912,10.082025
United Kingdom,1913,10.975125
United Kingdom,1914,10.597855
United Kingdom,1915,10.691779
United Kingdom,1916,11.030396
United Kingdom,1917,10.85709
United Kingdom,1918,10.07166
United Kingdom,1919,9.811919
United Kingdom,1920,10.318364
United Kingdom,1921,7.1308627
United Kingdom,1922,9.444493
United Kingdom,1923,10.033588
United Kingdom,1924,10.532615
United Kingdom,1925,9.965467
United Kingdom,1926,5.655135
United Kingdom,1927,10.448244
United Kingdom,1928,9.884894
United Kingdom,1929,10.408271
United Kingdom,1930,10.021771
United Kingdom,1931,9.352548
United Kingdom,1932,8.96392
United Kingdom,1933,8.869657
United Kingdom,1934,9.531863
United Kingdom,1935,9.610427
United Kingdom,1936,10.09914
United Kingdom,1937,10.368437
United Kingdom,1938,9.919003
United Kingdom,1939,9.903666
United Kingdom,1940,10.3948345
United Kingdom,1941,10.344048
United Kingdom,1942,10.161616
United Kingdom,1943,10.065381
United Kingdom,1944,10.015328
United Kingdom,1945,9.231059
United Kingdom,1946,9.4255495
United Kingdom,1947,9.810102
United Kingdom,1948,10.14036
United Kingdom,1949,10.181252
United Kingdom,1950,9.991668
United Kingdom,1951,10.829944
United Kingdom,1952,10.47022
United Kingdom,1953,10.649376
United Kingdom,1954,10.852223
United Kingdom,1955,11.273718
United Kingdom,1956,11.173521
United Kingdom,1957,11.048391
United Kingdom,1958,10.711649
United Kingdom,1959,10.466085
United Kingdom,1960,11.116041
United Kingdom,1961,11.13011
United Kingdom,1962,11.130102
United Kingdom,1963,11.2460985
United Kingdom,1964,11.254884
United Kingdom,1965,11.444505
United Kingdom,1966,11.304253
United Kingdom,1967,10.769838
United Kingdom,1968,10.979031
United Kingdom,1969,11.331161
United Kingdom,1970,11.723561
United Kingdom,1971,11.815786
United Kingdom,1972,11.555557
United Kingdom,1973,11.7386
United Kingdom,1974,10.977131
United Kingdom,1975,10.730099
United Kingdom,1976,10.649721
United Kingdom,1977,10.758404
United Kingdom,1978,10.764718
United Kingdom,1979,11.464381
United Kingdom,1980,10.2881
United Kingdom,1981,9.95576
United Kingdom,1982,9.739101
United Kingdom,1983,9.683395
United Kingdom,1984,9.372831
United Kingdom,1985,9.886296
United Kingdom,1986,10.01824
United Kingdom,1987,10.049357
United Kingdom,1988,10.0005045
United Kingdom,1989,10.170599
United Kingdom,1990,10.492731
United Kingdom,1991,10.588326
United Kingdom,1992,10.288531
United Kingdom,1993,10.017328
United Kingdom,1994,9.896306
United Kingdom,1995,9.735415
United Kingdom,1996,10.064763
United Kingdom,1997,9.627659
United Kingdom,1998,9.6976795
United Kingdom,1999,9.545594
United Kingdom,2000,9.635284
United Kingdom,2001,9.748516
United Kingdom,2002,9.409919
United Kingdom,2003,9.5555935
United Kingdom,2004,9.530174
United Kingdom,2005,9.412137
United Kingdom,2006,9.301161
United Kingdom,2007,9.093347
United Kingdom,2008,8.785372
United Kingdom,2009,7.904943
United Kingdom,2010,8.12464
United Kingdom,2011,7.395984
United Kingdom,2012,7.6215353
United Kingdom,2013,7.417552
United Kingdom,2014,6.764838
United Kingdom,2015,6.461417
United Kingdom,2016,6.0617714
United Kingdom,2017,5.8378496
United Kingdom,2018,5.6886287
United Kingdom,2019,5.4350815
United Kingdom,2020,4.844164
United Kingdom,2021,5.0911255
United Kingdom,2022,4.603082
United Kingdom,2023,4.4428277
United States,1800,0.042136
United States,1801,0.043749023
United States,1802,0.046463702
United States,1803,0.04675338
United States,1804,0.051547863
United States,1805,0.05170035
United States,1806,0.049647022
United States,1807,0.055148073
United States,1808,0.056223534
United States,1809,0.05672419
United States,1810,0.057195846
United States,1811,0.05957973
United States,1812,0.0625836
United States,1813,0.06519789
United States,1814,0.06802918
United States,1815,0.070616506
United States,1816,0.07547438
United States,1817,0.079147205
United States,1818,0.08329477
United States,1819,0.0788342
United States,1820,0.07940742
United States,1821,0.08064995
United States,1822,0.08181233
United States,1823,0.08290245
United States,1824,0.09074809
United States,1825,0.09872902
United States,1826,0.111148365
United States,1827,0.11888613
United States,1828,0.12727666
United States,1829,0.13939415
United States,1830,0.15767905
United States,1831,0.16626401
United States,1832,0.21589011
United States,1833,0.2451494
United States,1834,0.22857675
United States,1835,0.28379282
United States,1836,0.30255765
United States,1837,0.33012334
United States,1838,0.3045117
United States,1839,0.3247494
United States,1840,0.3359056
United States,1841,0.34518078
United States,1842,0.37302932
United States,1843,0.40623948
United States,1844,0.47249264
United States,1845,0.5519618
United States,1846,0.6075555
United States,1847,0.6989572
United States,1848,0.7553745
United States,1849,0.79568434
United States,1850,0.83870095
United States,1851,1.0133029
United States,1852,1.0699053
United States,1853,1.1693825
United States,1854,1.2480785
United States,1855,1.394424
United States,1856,1.4202958
United States,1857,1.4139436
United States,1858,1.3925428
United States,1859,1.4731518
United States,1860,1.5011375
United States,1861,1.4090402
United States,1862,1.4285618
United States,1863,1.6126716
United States,1864,1.6866376
United States,1865,1.6529324
United States,1866,1.6266301
United States,1867,1.9555545
United States,1868,2.1599026
United States,1869,2.401964
United States,1870,2.4715502
United States,1871,2.524375
United States,1872,3.0265274
United States,1873,3.2694678
United States,1874,3.0782638
United States,1875,3.0432105
United States,1876,2.912211
United States,1877,3.1561265
United States,1878,3.0182126
United States,1879,3.5994267
United States,1880,3.986088
United States,1881,4.1242743
United States,1882,4.517172
United States,1883,4.764769
United States,1884,4.911519
United States,1885,4.885538
United States,1886,5.0466657
United States,1887,5.2776074
United States,1888,6.2780514
United States,1889,5.5148797
United States,1890,6.468085
United States,1891,6.7461
United States,1892,6.9749255
United States,1893,6.9034314
United States,1894,6.3442984
United States,1895,7.033352
United States,1896,6.918819
United States,1897,7.067037
United States,1898,7.563029
United States,1899,8.516529
United States,1900,8.856599
United States,1901,9.463163
United States,1902,9.83929
United States,1903,11.294751
United States,1904,10.9292755
United States,1905,11.993248
United States,1906,12.352037
United States,1907,14.090626
United States,1908,12.090888
United States,1909,13.149926
United States,1910,14.104886
United States,1911,13.743023
United States,1912,14.455241
United States,1913,15.308516
United States,1914,13.795953
United States,1915,14.121179
United States,1916,15.469336
United States,1917,16.785204
United States,1918,17.309261
United States,1919,14.442194
United States,1920,16.730282
United States,1921,13.506341
United States,1922,13.424879
United States,1923,17.478342
United States,1924,15.423299
United States,1925,15.735723
United States,1926,16.812035
United States,1927,16.192951
United States,1928,15.685378
United States,1929,16.603048
United States,1930,14.58597
United States,1931,12.289558
United States,1932,10.321664
United States,1933,10.991698
United States,1934,11.621933
United States,1935,11.991493
United States,1936,13.672
United States,1937,14.204154
United States,1938,11.926593
United States,1939,13.037762
United States,1940,14.487894
United States,1941,15.615902
United States,1942,16.58958
United States,1943,16.911407
United States,1944,17.948437
United States,1945,17.084375
United States,1946,16.121332
United States,1947,17.508738
United States,1948,17.940481
United States,1949,14.822593
United States,1950,16.481464
United States,1951,16.734985
United States,1952,16.066204
United States,1953,16.21269
United States,1954,15.213391
United States,1955,16.417042
United States,1956,16.940598
United States,1957,16.535192
United States,1958,15.768468
United States,1959,15.986404
United States,1960,16.071686
United States,1961,15.733183
United States,1962,16.033815
United States,1963,16.470354
United States,1964,16.929384
United States,1965,17.375324
United States,1966,18.01334
United States,1967,18.462698
United States,1968,18.919764
United States,1969,19.654873
United States,1970,20.884329
United States,1971,20.745808
United States,1972,21.485437
United States,1973,22.25716
United States,1974,21.289364
United States,1975,20.437998
United States,1976,21.468279
United States,1977,21.902567
United States,1978,21.924557
United States,1979,22.010126
United States,1980,20.921024
United States,1981,20.183943
United States,1982,18.959602
United States,1983,18.691843
United States,1984,19.479473
United States,1985,19.251648
United States,1986,19.117193
United States,1987,19.605087
United States,1988,20.334127
United States,1989,20.474892
United States,1990,20.211113
United States,1991,19.740826
United States,1992,19.93108
United States,1993,20.076862
United States,1994,20.206362
United States,1995,20.227978
United States,1996,20.722769
United States,1997,20.800032
United States,1998,20.763783
United States,1999,20.818583
United States,2000,21.3516
United States,2001,20.781443
United States,2002,20.712759
United States,2003,20.731213
United States,2004,20.877537
United States,2005,20.736687
United States,2006,20.261381
United States,2007,20.308899
United States,2008,19.395721
United States,2009,17.793211
United States,2010,18.259068
United States,2011,17.656883
United States,2012,16.852186
United States,2013,17.119566
United States,2014,17.11055
United States,2015,16.485855
United States,2016,15.95766
United States,2017,15.689614
United States,2018,16.05042
United States,2019,15.578155
United States,2020,13.889589
United States,2021,14.793604
United States,2022,14.870763
United States,2023,14.299027
World,1750,0.0123539
World,1760,0.013338744
World,1770,0.015818821
World,1780,0.01762452
World,1790,0.021648014
World,1800,0.034347694
World,1810,0.038381834
World,1820,0.047608815
World,1830,0.07750224
World,1840,0.09820878
World,1850,0.15294671
World,1860,0.24686126
World,1870,0.39808285
World,1880,0.6009976
World,1890,0.84383
World,1900,1.1740984
World,1910,1.6905305
World,1920,1.8351136
World,1930,1.8790754
World,1940,2.0978088
World,1950,2.3786695
World,1951,2.5154169
World,1952,2.5028036
World,1953,2.5249116
World,1954,2.5278463
World,1955,2.7165384
World,1956,2.835367
World,1957,2.86952
World,1958,2.8912628
World,1959,2.985448
World,1960,3.1129503
World,1961,3.0719225
World,1962,3.1207554
World,1963,3.2155936
World,1964,3.315824
World,1965,3.3919587
World,1966,3.4848719
World,1967,3.5231543
World,1968,3.6402264
World,1969,3.8021321
World,1970,4.0325847
World,1971,4.112594
World,1972,4.2197514
World,1973,4.3575473
World,1974,4.256582
World,1975,4.1891084
World,1976,4.340744
World,1977,4.385783
World,1978,4.442884
World,1979,4.4886904
World,1980,4.3818007
World,1981,4.2004504
World,1982,4.091141
World,1983,4.043131
World,1984,4.1085486
World,1985,4.1717267
World,1986,4.157858
World,1987,4.208147
World,1988,4.295053
World,1989,4.2768035
World,1990,4.266109
World,1991,4.278877
World,1992,4.091575
World,1993,4.069678
World,1994,4.051227
World,1995,4.0862265
World,1996,4.152334
World,1997,4.118613
World,1998,4.0458646
World,1999,4.081738
World,2000,4.1334705
World,2001,4.1097608
World,2002,4.146101
World,2003,4.3096466
World,2004,4.4027133
World,2005,4.4959054
World,2006,4.5909643
World,2007,4.666746
World,2008,4.6861563
World,2009,4.549688
World,2010,4.750381
World,2011,4.852329
World,2012,4.8603024
World,2013,4.8412857
World,2014,4.802484
World,2015,4.7392993
World,2016,4.685639
World,2017,4.707258
World,2018,4.751732
World,2019,4.7500806
World,2020,4.453724
World,2021,4.650446
World,2022,4.649288
World,2023,4.6703916